Name of Read,Position of Error,Read Base,Quality Score of Base,Correct Base
SRR065390.3923,2,A,34,C
SRR065390.3923,3,G,34,C
SRR065390.3923,4,G,34,C
SRR065390.3923,5,T,34,C
SRR065390.3923,7,A,34,C
SRR065390.3923,8,T,34,C
SRR065390.3923,9,T,34,C
SRR065390.3923,10,A,34,C
SRR065390.3923,11,T,34,C
SRR065390.3923,12,G,34,C
SRR065390.3923,13,G,34,C
SRR065390.3923,14,A,34,C
SRR065390.3923,15,A,34,C
SRR065390.3923,16,A,34,C
SRR065390.3923,18,T,34,C
SRR065390.3923,19,T,34,C
SRR065390.3923,21,T,34,C
SRR065390.3923,22,A,34,C
SRR065390.3923,23,G,34,C
SRR065390.3923,24,G,34,C
SRR065390.3923,27,A,34,C
SRR065390.3923,28,T,34,C
SRR065390.3923,29,T,34,C
SRR065390.3923,30,A,34,C
SRR065390.3923,31,T,34,C
SRR065390.3923,32,G,34,C
SRR065390.3923,33,G,34,C
SRR065390.3923,34,A,34,C
SRR065390.3923,35,A,34,C
SRR065390.3923,36,A,34,C
SRR065390.3923,37,T,34,C
SRR065390.3923,38,T,34,C
SRR065390.3923,39,T,34,C
SRR065390.3923,41,T,34,C
SRR065390.3923,42,A,33,C
SRR065390.3923,43,G,34,C
SRR065390.3923,44,G,34,C
SRR065390.3923,47,A,34,C
SRR065390.3923,48,T,34,C
SRR065390.3923,49,T,34,C
SRR065390.3923,50,G,34,C
SRR065390.3923,51,T,35,C
SRR065390.3923,52,G,34,C
SRR065390.3923,53,G,34,C
SRR065390.3923,54,A,34,C
SRR065390.3923,55,A,34,C
SRR065390.3923,56,A,34,C
SRR065390.3923,57,T,34,C
SRR065390.3923,58,T,34,C
SRR065390.3923,59,T,34,C
SRR065390.3923,61,T,34,C
SRR065390.3923,62,A,34,C
SRR065390.3923,63,G,34,C
SRR065390.3923,64,G,34,C
SRR065390.3923,67,A,34,C
SRR065390.3923,68,T,34,C
SRR065390.3923,69,T,34,C
SRR065390.3923,70,G,34,C
SRR065390.3923,71,T,31,C
SRR065390.3923,72,G,34,C
SRR065390.3923,73,G,34,C
SRR065390.3923,74,A,31,C
SRR065390.3923,75,A,34,C
SRR065390.3923,76,A,33,C
SRR065390.3923,77,T,34,C
SRR065390.3923,78,T,30,C
SRR065390.3923,79,T,34,C
SRR065390.3923,81,T,34,C
SRR065390.3923,82,A,32,C
SRR065390.3923,83,G,34,C
SRR065390.3923,84,G,34,C
SRR065390.3923,85,T,35,C
SRR065390.3923,86,A,34,C
SRR065390.3923,87,A,32,C
SRR065390.3923,88,T,34,C
SRR065390.3923,89,A,32,C
SRR065390.3923,90,T,34,C
SRR065390.3923,91,T,32,C
SRR065390.3923,92,G,34,C
SRR065390.3923,93,G,33,C
SRR065390.3923,94,A,20,C
SRR065390.3923,95,A,33,C
SRR065390.3923,97,A,33,C
SRR065390.3923,98,T,34,C
SRR065390.3923,99,T,33,C
SRR065390.17053,2,A,34,T
SRR065390.17053,3,A,34,C
SRR065390.17053,4,T,34,C
SRR065390.17053,5,T,34,C
SRR065390.17053,7,G,34,C
SRR065390.17053,8,A,34,C
SRR065390.17053,9,A,34,C
SRR065390.17053,10,A,34,C
SRR065390.17053,11,A,31,C
SRR065390.17053,12,G,34,C
SRR065390.17053,13,G,34,C
SRR065390.17053,14,G,31,C
SRR065390.17053,15,T,25,C
SRR065390.17053,16,T,32,C
SRR065390.17053,18,T,32,C
SRR065390.17053,19,T,32,C
SRR065390.17053,20,T,34,C
SRR065390.17053,21,G,34,C
SRR065390.17053,22,A,34,C
SRR065390.17053,23,A,34,C
SRR065390.17053,24,A,31,C
SRR065390.17053,25,T,32,C
SRR065390.17053,26,T,34,C
SRR065390.17053,27,T,34,C
SRR065390.17053,28,T,34,C
SRR065390.17053,29,T,34,C
SRR065390.17053,30,G,33,C
SRR065390.17053,31,A,34,C
SRR065390.17053,32,A,34,C
SRR065390.17053,34,A,34,C
SRR065390.17053,35,T,34,C
SRR065390.17053,36,T,34,C
SRR065390.17053,37,G,35,C
SRR065390.17053,38,T,34,C
SRR065390.17053,39,T,34,C
SRR065390.17053,40,A,34,C
SRR065390.17053,41,G,33,C
SRR065390.17053,45,G,34,C
SRR065390.17053,46,A,34,C
SRR065390.17053,47,A,34,C
SRR065390.17053,48,G,34,C
SRR065390.17053,49,G,34,C
SRR065390.17053,51,A,34,C
SRR065390.17053,52,T,34,C
SRR065390.17053,53,T,31,C
SRR065390.17053,54,T,34,C
SRR065390.17053,55,T,34,C
SRR065390.17053,56,T,34,C
SRR065390.17053,58,G,34,C
SRR065390.17053,59,A,34,C
SRR065390.17053,61,A,34,C
SRR065390.17053,62,A,34,C
SRR065390.17053,63,A,35,C
SRR065390.17053,64,A,34,C
SRR065390.17053,65,T,34,C
SRR065390.17053,66,T,34,C
SRR065390.17053,67,A,34,C
SRR065390.17053,68,A,34,C
SRR065390.17053,69,A,34,C
SRR065390.17053,70,A,33,C
SRR065390.17053,71,T,34,C
SRR065390.17053,72,T,33,C
SRR065390.17053,73,T,29,C
SRR065390.17053,74,T,33,C
SRR065390.17053,75,G,32,C
SRR065390.17053,76,A,31,C
SRR065390.17053,77,A,30,C
SRR065390.17053,78,A,34,C
SRR065390.17053,79,A,34,C
SRR065390.17053,80,A,34,C
SRR065390.17053,81,T,32,C
SRR065390.17053,82,T,34,C
SRR065390.17053,84,T,28,C
SRR065390.17053,86,A,34,C
SRR065390.17053,87,A,34,C
SRR065390.17053,88,T,34,C
SRR065390.17053,89,A,15,C
SRR065390.17053,90,G,27,C
SRR065390.17053,91,A,22,C
SRR065390.17053,92,G,27,C
SRR065390.17053,94,G,27,C
SRR065390.17053,96,T,34,C
SRR065390.17053,97,T,33,C
SRR065390.17053,98,T,33,C
SRR065390.23428,3,G,34,T
SRR065390.23428,5,T,34,C
SRR065390.23428,6,T,34,C
SRR065390.23428,7,G,33,C
SRR065390.23428,8,G,34,C
SRR065390.23428,9,G,34,C
SRR065390.23428,10,T,34,C
SRR065390.23428,11,T,34,C
SRR065390.23428,12,A,34,C
SRR065390.23428,13,G,34,C
SRR065390.23428,15,T,34,C
SRR065390.23428,16,T,34,C
SRR065390.23428,18,T,34,C
SRR065390.23428,19,A,34,C
SRR065390.23428,21,T,34,C
SRR065390.23428,23,A,34,C
SRR065390.23428,24,A,34,C
SRR065390.23428,25,A,34,C
SRR065390.23428,26,A,34,C
SRR065390.23428,27,A,34,C
SRR065390.23428,28,A,34,C
SRR065390.23428,29,A,33,C
SRR065390.23428,31,A,33,C
SRR065390.23428,32,G,33,C
SRR065390.23428,33,A,34,C
SRR065390.23428,34,A,34,C
SRR065390.23428,35,A,34,C
SRR065390.23428,36,A,34,C
SRR065390.23428,37,A,31,C
SRR065390.23428,38,A,31,C
SRR065390.23428,39,A,31,C
SRR065390.23428,40,T,33,C
SRR065390.23428,41,T,34,C
SRR065390.23428,42,A,34,C
SRR065390.23428,43,G,34,C
SRR065390.23428,44,A,34,C
SRR065390.23428,45,A,34,C
SRR065390.23428,48,G,34,C
SRR065390.23428,52,A,32,C
SRR065390.23428,53,A,35,C
SRR065390.23428,54,A,34,C
SRR065390.23428,55,T,30,C
SRR065390.23428,57,T,34,C
SRR065390.23428,58,T,34,C
SRR065390.23428,59,G,34,C
SRR065390.23428,60,G,34,C
SRR065390.23428,62,T,34,C
SRR065390.23428,65,G,34,C
SRR065390.23428,66,A,34,C
SRR065390.23428,67,A,32,C
SRR065390.23428,68,A,34,C
SRR065390.23428,70,A,34,C
SRR065390.23428,72,G,34,C
SRR065390.23428,73,A,35,C
SRR065390.23428,74,A,33,C
SRR065390.23428,75,T,35,C
SRR065390.23428,76,T,34,C
SRR065390.23428,77,T,35,C
SRR065390.23428,78,A,34,C
SRR065390.23428,79,G,35,C
SRR065390.23428,80,T,33,C
SRR065390.23428,81,G,35,C
SRR065390.23428,82,A,27,C
SRR065390.23428,84,G,34,C
SRR065390.23428,85,T,33,C
SRR065390.23428,86,G,34,C
SRR065390.23428,88,A,33,C
SRR065390.23428,90,G,35,C
SRR065390.23428,91,G,35,C
SRR065390.23428,92,A,32,C
SRR065390.23428,93,A,29,C
SRR065390.23428,94,T,33,C
SRR065390.23428,95,T,33,C
SRR065390.23428,96,T,33,C
SRR065390.23428,97,T,33,C
SRR065390.23428,98,G,34,C
SRR065390.26443,3,A,34,C
SRR065390.26443,5,T,34,C
SRR065390.26443,6,G,34,C
SRR065390.26443,7,A,34,C
SRR065390.26443,8,G,34,C
SRR065390.26443,9,A,34,C
SRR065390.26443,10,A,34,C
SRR065390.26443,12,G,34,C
SRR065390.26443,13,A,34,C
SRR065390.26443,14,G,34,C
SRR065390.26443,15,G,34,C
SRR065390.26443,16,A,34,C
SRR065390.26443,17,G,34,C
SRR065390.26443,18,A,34,C
SRR065390.26443,19,A,34,C
SRR065390.26443,20,T,34,C
SRR065390.26443,21,T,34,C
SRR065390.26443,22,G,34,C
SRR065390.26443,23,A,34,C
SRR065390.26443,24,G,34,C
SRR065390.26443,26,G,34,C
SRR065390.26443,27,G,34,C
SRR065390.26443,28,G,34,C
SRR065390.26443,29,A,34,C
SRR065390.26443,30,A,34,C
SRR065390.26443,31,A,34,C
SRR065390.26443,33,T,34,C
SRR065390.26443,34,T,34,C
SRR065390.26443,35,G,34,C
SRR065390.26443,36,A,34,C
SRR065390.26443,37,A,34,C
SRR065390.26443,38,A,34,C
SRR065390.26443,39,T,34,C
SRR065390.26443,40,A,34,C
SRR065390.26443,42,A,34,C
SRR065390.26443,44,G,34,C
SRR065390.26443,45,T,33,C
SRR065390.26443,46,G,34,C
SRR065390.26443,47,A,34,C
SRR065390.26443,49,T,34,C
SRR065390.26443,50,G,34,C
SRR065390.26443,52,A,34,C
SRR065390.26443,53,A,34,C
SRR065390.26443,54,A,34,C
SRR065390.26443,55,A,34,C
SRR065390.26443,57,A,34,C
SRR065390.26443,58,T,34,C
SRR065390.26443,59,T,34,C
SRR065390.26443,61,T,34,C
SRR065390.26443,63,T,34,C
SRR065390.26443,64,T,34,C
SRR065390.26443,65,G,34,C
SRR065390.26443,66,T,33,C
SRR065390.26443,67,G,34,C
SRR065390.26443,68,T,33,C
SRR065390.26443,69,G,34,C
SRR065390.26443,70,G,34,C
SRR065390.26443,71,A,31,C
SRR065390.26443,72,G,34,C
SRR065390.26443,73,G,34,C
SRR065390.26443,74,A,30,C
SRR065390.26443,75,A,33,C
SRR065390.26443,76,G,34,C
SRR065390.26443,77,A,33,C
SRR065390.26443,78,G,34,C
SRR065390.26443,79,A,31,C
SRR065390.26443,80,A,33,C
SRR065390.26443,81,A,33,C
SRR065390.26443,82,A,32,C
SRR065390.26443,83,A,29,C
SRR065390.26443,84,T,24,C
SRR065390.26443,85,G,30,C
SRR065390.26443,87,T,31,C
SRR065390.26443,88,G,34,C
SRR065390.26443,89,G,31,C
SRR065390.26443,90,G,32,C
SRR065390.26443,91,G,30,C
SRR065390.26443,92,G,33,C
SRR065390.26443,93,A,33,C
SRR065390.26443,94,A,2,C
SRR065390.26443,95,A,2,C
SRR065390.26443,96,A,2,C
SRR065390.26443,98,A,2,C
SRR065390.26443,99,A,2,C
SRR065390.35994,2,T,34,C
SRR065390.35994,3,A,34,C
SRR065390.35994,4,T,34,C
SRR065390.35994,5,A,34,C
SRR065390.35994,6,A,34,C
SRR065390.35994,8,A,34,C
SRR065390.35994,9,T,34,C
SRR065390.35994,10,T,34,C
SRR065390.35994,11,T,34,C
SRR065390.35994,12,T,34,C
SRR065390.35994,13,T,34,C
SRR065390.35994,14,T,34,C
SRR065390.35994,15,A,34,C
SRR065390.35994,16,A,34,C
SRR065390.35994,17,A,33,C
SRR065390.35994,18,G,34,C
SRR065390.35994,19,A,34,C
SRR065390.35994,20,T,33,C
SRR065390.35994,21,G,34,C
SRR065390.35994,22,A,34,C
SRR065390.35994,23,T,34,C
SRR065390.35994,24,T,34,C
SRR065390.35994,25,T,34,C
SRR065390.35994,26,T,34,C
SRR065390.35994,27,T,34,C
SRR065390.35994,29,A,34,C
SRR065390.35994,30,A,34,C
SRR065390.35994,32,A,34,C
SRR065390.35994,33,A,34,C
SRR065390.35994,34,A,34,C
SRR065390.35994,35,G,34,C
SRR065390.35994,36,T,32,C
SRR065390.35994,37,T,34,C
SRR065390.35994,38,T,30,C
SRR065390.35994,39,T,34,C
SRR065390.35994,40,G,34,C
SRR065390.35994,42,A,34,C
SRR065390.35994,43,A,34,C
SRR065390.35994,44,A,34,C
SRR065390.35994,45,A,34,C
SRR065390.35994,46,A,34,C
SRR065390.35994,47,A,34,C
SRR065390.35994,48,T,34,C
SRR065390.35994,49,A,31,C
SRR065390.35994,50,T,31,C
SRR065390.35994,51,G,34,C
SRR065390.35994,52,A,34,C
SRR065390.35994,53,A,34,C
SRR065390.35994,54,G,35,C
SRR065390.35994,55,G,32,C
SRR065390.35994,59,T,34,C
SRR065390.35994,60,T,35,C
SRR065390.35994,61,T,33,C
SRR065390.35994,62,A,34,C
SRR065390.35994,63,A,31,C
SRR065390.35994,64,A,35,C
SRR065390.35994,65,T,35,C
SRR065390.35994,66,A,34,C
SRR065390.35994,67,T,34,C
SRR065390.35994,68,T,34,C
SRR065390.35994,69,A,31,C
SRR065390.35994,70,A,33,C
SRR065390.35994,71,A,31,C
SRR065390.35994,72,T,33,C
SRR065390.35994,73,T,31,C
SRR065390.35994,74,A,34,C
SRR065390.35994,75,G,33,C
SRR065390.35994,76,A,35,C
SRR065390.35994,77,G,32,C
SRR065390.35994,79,G,29,C
SRR065390.35994,81,G,33,C
SRR065390.35994,82,T,30,C
SRR065390.35994,83,A,34,C
SRR065390.35994,84,G,31,C
SRR065390.35994,85,A,33,C
SRR065390.35994,86,A,35,C
SRR065390.35994,87,T,33,C
SRR065390.35994,88,T,33,C
SRR065390.35994,89,T,32,C
SRR065390.35994,90,T,33,C
SRR065390.35994,91,G,31,C
SRR065390.35994,92,A,32,C
SRR065390.35994,94,A,31,C
SRR065390.35994,95,A,35,C
SRR065390.35994,96,A,33,C
SRR065390.35994,97,A,32,C
SRR065390.35994,99,A,33,C
SRR065390.50894,2,T,34,C
SRR065390.50894,3,T,34,C
SRR065390.50894,4,T,34,C
SRR065390.50894,5,G,34,C
SRR065390.50894,6,G,34,C
SRR065390.50894,7,T,33,C
SRR065390.50894,8,G,34,C
SRR065390.50894,9,G,34,C
SRR065390.50894,12,T,34,C
SRR065390.50894,13,G,34,C
SRR065390.50894,14,A,34,C
SRR065390.50894,15,T,34,C
SRR065390.50894,16,A,34,C
SRR065390.50894,17,T,34,C
SRR065390.50894,18,G,34,C
SRR065390.50894,20,T,34,C
SRR065390.50894,21,A,34,C
SRR065390.50894,22,G,34,C
SRR065390.50894,23,A,34,C
SRR065390.50894,26,G,34,C
SRR065390.50894,27,A,34,C
SRR065390.50894,28,A,34,C
SRR065390.50894,29,A,34,C
SRR065390.50894,30,T,34,C
SRR065390.50894,32,T,34,C
SRR065390.50894,33,G,34,C
SRR065390.50894,34,T,35,C
SRR065390.50894,35,G,34,C
SRR065390.50894,36,A,34,C
SRR065390.50894,37,T,34,C
SRR065390.50894,38,A,34,C
SRR065390.50894,39,A,35,C
SRR065390.50894,40,G,34,C
SRR065390.50894,41,G,35,C
SRR065390.50894,42,A,35,C
SRR065390.50894,43,G,34,C
SRR065390.50894,44,A,34,C
SRR065390.50894,46,G,34,C
SRR065390.50894,47,T,33,C
SRR065390.50894,48,G,34,C
SRR065390.50894,50,T,34,C
SRR065390.50894,51,T,34,C
SRR065390.50894,53,G,34,C
SRR065390.50894,54,G,35,C
SRR065390.50894,55,G,34,C
SRR065390.50894,58,G,34,C
SRR065390.50894,59,T,33,C
SRR065390.50894,60,G,34,C
SRR065390.50894,61,A,33,C
SRR065390.50894,62,G,34,C
SRR065390.50894,63,T,33,C
SRR065390.50894,65,T,33,C
SRR065390.50894,66,G,34,C
SRR065390.50894,68,G,34,C
SRR065390.50894,69,T,33,C
SRR065390.50894,70,A,33,C
SRR065390.50894,71,G,34,C
SRR065390.50894,72,A,32,C
SRR065390.50894,73,G,35,C
SRR065390.50894,75,A,33,C
SRR065390.50894,76,G,35,C
SRR065390.50894,77,G,35,C
SRR065390.50894,78,T,30,C
SRR065390.50894,79,T,30,C
SRR065390.50894,80,T,30,C
SRR065390.50894,81,T,33,C
SRR065390.50894,83,G,33,C
SRR065390.50894,84,G,33,C
SRR065390.50894,85,G,32,C
SRR065390.50894,86,T,32,C
SRR065390.50894,87,T,29,C
SRR065390.50894,88,T,33,C
SRR065390.50894,90,A,29,C
SRR065390.50894,91,G,33,C
SRR065390.50894,92,G,30,C
SRR065390.50894,93,T,30,C
SRR065390.50894,95,T,31,C
SRR065390.50894,96,G,31,C
SRR065390.50894,97,A,30,C
SRR065390.50894,98,A,21,C
SRR065390.50894,99,A,28,C
SRR065390.58606,3,A,34,T
SRR065390.58606,8,T,34,C
SRR065390.58606,9,A,34,C
SRR065390.58606,11,A,34,C
SRR065390.58606,12,G,34,C
SRR065390.58606,13,T,34,C
SRR065390.58606,14,A,34,C
SRR065390.58606,16,T,34,C
SRR065390.58606,19,T,34,C
SRR065390.58606,20,A,34,C
SRR065390.58606,22,A,34,C
SRR065390.58606,23,G,34,C
SRR065390.58606,24,T,34,C
SRR065390.58606,25,A,34,C
SRR065390.58606,26,A,35,C
SRR065390.58606,30,G,34,C
SRR065390.58606,31,T,34,C
SRR065390.58606,32,A,34,C
SRR065390.58606,35,T,34,C
SRR065390.58606,36,T,34,C
SRR065390.58606,37,A,34,C
SRR065390.58606,40,T,34,C
SRR065390.58606,41,G,34,C
SRR065390.58606,42,T,32,C
SRR065390.58606,43,G,34,C
SRR065390.58606,44,G,34,C
SRR065390.58606,45,A,34,C
SRR065390.58606,46,T,34,C
SRR065390.58606,47,A,34,C
SRR065390.58606,48,A,34,C
SRR065390.58606,49,T,34,C
SRR065390.58606,50,A,34,C
SRR065390.58606,51,T,34,C
SRR065390.58606,52,A,34,C
SRR065390.58606,54,A,34,C
SRR065390.58606,55,T,34,C
SRR065390.58606,56,A,32,C
SRR065390.58606,57,G,34,C
SRR065390.58606,58,T,35,C
SRR065390.58606,59,T,34,C
SRR065390.58606,61,G,34,C
SRR065390.58606,64,G,34,C
SRR065390.58606,65,T,30,C
SRR065390.58606,66,A,33,C
SRR065390.58606,67,A,33,C
SRR065390.58606,68,T,34,C
SRR065390.58606,69,A,32,C
SRR065390.58606,70,A,35,C
SRR065390.58606,71,T,34,C
SRR065390.58606,72,A,35,C
SRR065390.58606,73,T,34,C
SRR065390.58606,74,G,29,C
SRR065390.58606,75,T,33,C
SRR065390.58606,76,G,34,C
SRR065390.58606,77,T,33,C
SRR065390.58606,78,G,31,C
SRR065390.58606,79,T,27,C
SRR065390.58606,80,A,35,C
SRR065390.58606,81,G,34,C
SRR065390.58606,82,A,33,C
SRR065390.58606,83,G,33,C
SRR065390.58606,84,G,31,C
SRR065390.58606,86,G,35,C
SRR065390.58606,87,A,32,C
SRR065390.58606,89,T,32,C
SRR065390.58606,90,T,27,C
SRR065390.58606,92,G,27,C
SRR065390.58606,93,A,30,C
SRR065390.58606,95,A,32,C
SRR065390.58606,96,A,33,C
SRR065390.58606,97,T,33,C
SRR065390.58606,99,A,30,C
SRR065390.66683,2,C,34,T
SRR065390.66683,3,C,34,T
SRR065390.66683,4,A,34,C
SRR065390.66683,6,G,34,C
SRR065390.66683,7,G,34,C
SRR065390.66683,8,A,34,C
SRR065390.66683,9,A,34,C
SRR065390.66683,10,A,34,C
SRR065390.66683,11,T,34,C
SRR065390.66683,14,G,34,C
SRR065390.66683,15,A,34,C
SRR065390.66683,18,G,34,C
SRR065390.66683,19,A,34,C
SRR065390.66683,20,A,34,C
SRR065390.66683,21,G,34,C
SRR065390.66683,22,A,34,C
SRR065390.66683,23,T,34,C
SRR065390.66683,24,A,34,C
SRR065390.66683,26,G,34,C
SRR065390.66683,29,A,34,C
SRR065390.66683,30,A,34,C
SRR065390.66683,31,A,34,C
SRR065390.66683,32,A,34,C
SRR065390.66683,33,T,34,C
SRR065390.66683,35,G,34,C
SRR065390.66683,36,A,34,C
SRR065390.66683,37,A,34,C
SRR065390.66683,38,A,34,C
SRR065390.66683,39,T,34,C
SRR065390.66683,42,G,34,C
SRR065390.66683,43,A,34,C
SRR065390.66683,44,G,34,C
SRR065390.66683,46,A,34,C
SRR065390.66683,47,G,34,C
SRR065390.66683,48,G,34,C
SRR065390.66683,49,A,34,C
SRR065390.66683,50,A,34,C
SRR065390.66683,51,A,34,C
SRR065390.66683,52,A,35,C
SRR065390.66683,53,T,34,C
SRR065390.66683,54,G,34,C
SRR065390.66683,55,T,35,C
SRR065390.66683,56,G,34,C
SRR065390.66683,57,A,34,C
SRR065390.66683,59,A,34,C
SRR065390.66683,60,G,34,C
SRR065390.66683,61,A,34,C
SRR065390.66683,62,A,33,C
SRR065390.66683,63,G,34,C
SRR065390.66683,64,A,34,C
SRR065390.66683,68,G,34,C
SRR065390.66683,69,T,32,C
SRR065390.66683,70,A,35,C
SRR065390.66683,71,T,34,C
SRR065390.66683,72,G,34,C
SRR065390.66683,73,A,35,C
SRR065390.66683,74,G,34,C
SRR065390.66683,75,T,34,C
SRR065390.66683,76,G,34,C
SRR065390.66683,77,G,35,C
SRR065390.66683,78,A,30,C
SRR065390.66683,79,T,32,C
SRR065390.66683,80,T,35,C
SRR065390.66683,81,T,35,C
SRR065390.66683,83,T,33,C
SRR065390.66683,85,G,31,C
SRR065390.66683,86,T,20,C
SRR065390.66683,87,G,33,C
SRR065390.66683,88,A,23,C
SRR065390.66683,89,G,28,C
SRR065390.66683,90,T,28,C
SRR065390.66683,91,A,30,C
SRR065390.66683,92,G,32,C
SRR065390.66683,94,G,31,C
SRR065390.66683,97,T,33,C
SRR065390.66683,98,T,32,C
SRR065390.66683,99,G,33,C
SRR065390.70738,2,G,34,C
SRR065390.70738,3,T,34,C
SRR065390.70738,5,A,34,C
SRR065390.70738,6,T,34,C
SRR065390.70738,7,A,34,C
SRR065390.70738,9,A,34,C
SRR065390.70738,10,T,34,C
SRR065390.70738,11,T,34,C
SRR065390.70738,12,T,34,C
SRR065390.70738,14,A,34,C
SRR065390.70738,17,A,34,C
SRR065390.70738,20,A,34,C
SRR065390.70738,22,T,34,C
SRR065390.70738,23,T,34,C
SRR065390.70738,24,G,34,C
SRR065390.70738,27,A,34,C
SRR065390.70738,28,T,34,C
SRR065390.70738,29,T,34,C
SRR065390.70738,30,T,34,C
SRR065390.70738,31,G,34,C
SRR065390.70738,33,A,34,C
SRR065390.70738,34,T,34,C
SRR065390.70738,35,T,34,C
SRR065390.70738,36,A,34,C
SRR065390.70738,38,A,34,C
SRR065390.70738,39,A,34,C
SRR065390.70738,40,T,34,C
SRR065390.70738,41,G,34,C
SRR065390.70738,42,A,34,C
SRR065390.70738,43,A,34,C
SRR065390.70738,44,T,34,C
SRR065390.70738,45,A,34,C
SRR065390.70738,46,A,34,C
SRR065390.70738,47,T,34,C
SRR065390.70738,48,T,34,C
SRR065390.70738,49,T,34,C
SRR065390.70738,50,G,34,C
SRR065390.70738,51,G,34,C
SRR065390.70738,52,A,34,C
SRR065390.70738,53,G,34,C
SRR065390.70738,54,G,34,C
SRR065390.70738,55,A,34,C
SRR065390.70738,56,G,34,C
SRR065390.70738,57,G,34,C
SRR065390.70738,58,A,34,C
SRR065390.70738,59,T,32,C
SRR065390.70738,60,T,34,C
SRR065390.70738,61,T,34,C
SRR065390.70738,62,G,34,C
SRR065390.70738,63,A,31,C
SRR065390.70738,64,A,34,C
SRR065390.70738,65,A,34,C
SRR065390.70738,66,A,35,C
SRR065390.70738,69,T,34,C
SRR065390.70738,70,G,34,C
SRR065390.70738,71,T,32,C
SRR065390.70738,72,A,34,C
SRR065390.70738,73,A,33,C
SRR065390.70738,74,G,34,C
SRR065390.70738,75,A,33,C
SRR065390.70738,76,A,35,C
SRR065390.70738,77,T,34,C
SRR065390.70738,78,T,35,C
SRR065390.70738,79,T,34,C
SRR065390.70738,80,A,32,C
SRR065390.70738,81,G,34,C
SRR065390.70738,82,G,35,C
SRR065390.70738,83,T,32,C
SRR065390.70738,84,T,34,C
SRR065390.70738,85,T,33,C
SRR065390.70738,86,T,35,C
SRR065390.70738,87,T,35,C
SRR065390.70738,89,A,33,C
SRR065390.70738,90,T,34,C
SRR065390.70738,91,A,27,C
SRR065390.70738,92,G,31,C
SRR065390.70738,93,G,33,C
SRR065390.70738,94,T,32,C
SRR065390.70738,95,T,35,C
SRR065390.70738,96,T,34,C
SRR065390.70738,98,A,32,C
SRR065390.70738,99,T,32,C
SRR065390.92894,2,A,33,T
SRR065390.92894,3,A,30,T
SRR065390.92894,4,A,31,C
SRR065390.92894,5,T,33,C
SRR065390.92894,6,T,33,C
SRR065390.92894,7,A,33,C
SRR065390.92894,8,T,33,C
SRR065390.92894,9,T,33,C
SRR065390.92894,11,A,33,C
SRR065390.92894,12,A,33,C
SRR065390.92894,13,A,31,C
SRR065390.92894,14,A,33,C
SRR065390.92894,15,A,32,C
SRR065390.92894,16,T,33,C
SRR065390.92894,18,A,33,C
SRR065390.92894,19,A,33,C
SRR065390.92894,21,A,33,C
SRR065390.92894,22,A,33,C
SRR065390.92894,23,A,33,C
SRR065390.92894,24,A,28,C
SRR065390.92894,25,A,28,C
SRR065390.92894,26,A,28,C
SRR065390.92894,27,A,28,C
SRR065390.92894,28,A,28,C
SRR065390.92894,29,G,28,C
SRR065390.92894,31,T,32,C
SRR065390.92894,32,G,33,C
SRR065390.92894,33,T,33,C
SRR065390.92894,36,T,32,C
SRR065390.92894,37,T,33,C
SRR065390.92894,38,T,33,C
SRR065390.92894,39,T,33,C
SRR065390.92894,40,T,33,C
SRR065390.92894,41,T,33,C
SRR065390.92894,42,T,28,C
SRR065390.92894,43,G,28,C
SRR065390.92894,44,G,31,C
SRR065390.92894,45,A,27,C
SRR065390.92894,47,A,32,C
SRR065390.92894,48,A,30,C
SRR065390.92894,49,A,32,C
SRR065390.92894,50,A,33,C
SRR065390.92894,51,T,33,C
SRR065390.92894,52,A,33,C
SRR065390.92894,53,A,28,C
SRR065390.92894,54,T,28,C
SRR065390.92894,55,T,33,C
SRR065390.92894,56,T,31,C
SRR065390.92894,57,A,33,C
SRR065390.92894,58,A,32,C
SRR065390.92894,59,T,31,C
SRR065390.92894,60,T,32,C
SRR065390.92894,61,T,33,C
SRR065390.92894,62,G,30,C
SRR065390.92894,63,A,32,C
SRR065390.92894,64,A,33,C
SRR065390.92894,65,A,33,C
SRR065390.92894,67,T,33,C
SRR065390.92894,68,G,33,C
SRR065390.92894,70,T,31,C
SRR065390.92894,71,T,32,C
SRR065390.92894,72,T,32,C
SRR065390.92894,73,T,33,C
SRR065390.92894,74,T,33,C
SRR065390.92894,75,T,33,C
SRR065390.92894,76,T,28,C
SRR065390.92894,78,G,25,C
SRR065390.92894,79,G,25,C
SRR065390.92894,81,A,27,C
SRR065390.92894,82,A,32,C
SRR065390.92894,84,T,32,C
SRR065390.92894,85,T,31,C
SRR065390.92894,86,G,33,C
SRR065390.92894,89,G,31,C
SRR065390.92894,90,A,33,C
SRR065390.92894,91,T,32,C
SRR065390.92894,92,T,33,C
SRR065390.92894,93,T,31,C
SRR065390.92894,94,G,27,C
SRR065390.92894,97,G,33,C
SRR065390.92894,98,G,20,C
SRR065390.92894,99,A,24,C
SRR065390.96964,2,G,34,C
SRR065390.96964,3,A,34,C
SRR065390.96964,4,T,34,C
SRR065390.96964,6,G,34,C
SRR065390.96964,7,T,34,C
SRR065390.96964,8,G,34,C
SRR065390.96964,9,T,34,C
SRR065390.96964,10,G,34,C
SRR065390.96964,11,A,34,C
SRR065390.96964,14,G,34,C
SRR065390.96964,15,A,34,C
SRR065390.96964,16,T,34,C
SRR065390.96964,18,G,34,C
SRR065390.96964,19,T,34,C
SRR065390.96964,20,A,34,C
SRR065390.96964,21,T,34,C
SRR065390.96964,22,T,34,C
SRR065390.96964,23,G,34,C
SRR065390.96964,24,A,34,C
SRR065390.96964,25,A,34,C
SRR065390.96964,27,G,34,C
SRR065390.96964,28,A,32,C
SRR065390.96964,29,G,34,C
SRR065390.96964,30,T,35,C
SRR065390.96964,31,A,34,C
SRR065390.96964,32,G,34,C
SRR065390.96964,33,A,32,C
SRR065390.96964,34,T,34,C
SRR065390.96964,35,T,34,C
SRR065390.96964,36,T,34,C
SRR065390.96964,37,G,34,C
SRR065390.96964,38,G,33,C
SRR065390.96964,39,T,33,C
SRR065390.96964,41,T,34,C
SRR065390.96964,42,G,34,C
SRR065390.96964,43,G,34,C
SRR065390.96964,44,A,35,C
SRR065390.96964,45,T,34,C
SRR065390.96964,46,A,34,C
SRR065390.96964,47,A,34,C
SRR065390.96964,48,A,35,C
SRR065390.96964,49,T,34,C
SRR065390.96964,50,T,34,C
SRR065390.96964,51,T,34,C
SRR065390.96964,52,T,34,C
SRR065390.96964,53,G,34,C
SRR065390.96964,54,A,35,C
SRR065390.96964,55,T,34,C
SRR065390.96964,56,T,34,C
SRR065390.96964,57,T,34,C
SRR065390.96964,58,T,34,C
SRR065390.96964,59,T,34,C
SRR065390.96964,60,T,34,C
SRR065390.96964,61,T,33,C
SRR065390.96964,62,T,33,C
SRR065390.96964,63,T,33,C
SRR065390.96964,64,A,31,C
SRR065390.96964,65,T,33,C
SRR065390.96964,66,T,33,C
SRR065390.96964,67,T,33,C
SRR065390.96964,68,T,33,C
SRR065390.96964,69,T,33,C
SRR065390.96964,71,A,34,C
SRR065390.96964,72,A,34,C
SRR065390.96964,73,A,34,C
SRR065390.96964,74,A,34,C
SRR065390.96964,75,A,34,C
SRR065390.96964,76,G,34,C
SRR065390.96964,77,T,33,C
SRR065390.96964,78,T,34,C
SRR065390.96964,79,T,34,C
SRR065390.96964,82,A,35,C
SRR065390.96964,83,T,34,C
SRR065390.96964,84,T,33,C
SRR065390.96964,85,G,21,C
SRR065390.96964,88,A,32,C
SRR065390.96964,90,G,32,C
SRR065390.96964,91,T,33,C
SRR065390.96964,92,T,35,C
SRR065390.96964,93,G,34,C
SRR065390.96964,94,T,33,C
SRR065390.96964,95,G,35,C
SRR065390.96964,98,A,33,C
SRR065390.96964,99,G,35,C
SRR065390.138997,2,A,34,T
SRR065390.138997,3,A,34,T
SRR065390.138997,4,T,34,C
SRR065390.138997,6,G,34,C
SRR065390.138997,7,G,34,C
SRR065390.138997,8,T,33,C
SRR065390.138997,9,A,34,C
SRR065390.138997,10,T,34,C
SRR065390.138997,11,T,34,C
SRR065390.138997,12,T,34,C
SRR065390.138997,13,T,34,C
SRR065390.138997,14,G,34,C
SRR065390.138997,17,G,34,C
SRR065390.138997,18,G,34,C
SRR065390.138997,19,A,34,C
SRR065390.138997,20,A,34,C
SRR065390.138997,21,T,34,C
SRR065390.138997,22,T,34,C
SRR065390.138997,23,G,34,C
SRR065390.138997,24,A,34,C
SRR065390.138997,25,A,34,C
SRR065390.138997,26,A,34,C
SRR065390.138997,27,A,34,C
SRR065390.138997,28,T,34,C
SRR065390.138997,29,T,34,C
SRR065390.138997,30,T,34,C
SRR065390.138997,31,T,34,C
SRR065390.138997,33,G,34,C
SRR065390.138997,34,G,34,C
SRR065390.138997,36,A,34,C
SRR065390.138997,37,A,34,C
SRR065390.138997,38,A,34,C
SRR065390.138997,39,T,33,C
SRR065390.138997,41,G,34,C
SRR065390.138997,42,G,33,C
SRR065390.138997,44,A,34,C
SRR065390.138997,45,A,33,C
SRR065390.138997,46,T,34,C
SRR065390.138997,47,T,34,C
SRR065390.138997,48,T,34,C
SRR065390.138997,49,G,34,C
SRR065390.138997,50,T,31,C
SRR065390.138997,52,G,34,C
SRR065390.138997,53,G,34,C
SRR065390.138997,54,A,34,C
SRR065390.138997,55,A,33,C
SRR065390.138997,56,T,35,C
SRR065390.138997,58,G,34,C
SRR065390.138997,59,A,33,C
SRR065390.138997,60,A,34,C
SRR065390.138997,61,A,32,C
SRR065390.138997,62,A,34,C
SRR065390.138997,63,T,32,C
SRR065390.138997,64,T,34,C
SRR065390.138997,65,T,35,C
SRR065390.138997,68,G,35,C
SRR065390.138997,69,G,33,C
SRR065390.138997,71,A,33,C
SRR065390.138997,72,A,26,C
SRR065390.138997,73,A,33,C
SRR065390.138997,74,T,26,C
SRR065390.138997,76,G,33,C
SRR065390.138997,77,G,31,C
SRR065390.138997,79,A,31,C
SRR065390.138997,80,T,35,C
SRR065390.138997,81,T,30,C
SRR065390.138997,82,T,35,C
SRR065390.138997,83,T,33,C
SRR065390.138997,84,G,33,C
SRR065390.138997,87,G,32,C
SRR065390.138997,88,G,33,C
SRR065390.138997,89,A,34,C
SRR065390.138997,90,A,34,C
SRR065390.138997,91,T,29,C
SRR065390.138997,92,T,32,C
SRR065390.138997,93,G,30,C
SRR065390.138997,94,A,29,C
SRR065390.138997,95,A,34,C
SRR065390.138997,96,A,33,C
SRR065390.138997,97,A,32,C
SRR065390.138997,98,T,34,C
SRR065390.138997,99,A,32,C
SRR065390.158803,2,A,34,T
SRR065390.158803,3,A,34,T
SRR065390.158803,4,T,34,C
SRR065390.158803,5,T,34,C
SRR065390.158803,6,T,34,C
SRR065390.158803,8,A,34,C
SRR065390.158803,9,A,34,C
SRR065390.158803,10,T,34,C
SRR065390.158803,11,T,34,C
SRR065390.158803,14,G,34,C
SRR065390.158803,15,G,34,C
SRR065390.158803,17,A,34,C
SRR065390.158803,18,A,34,C
SRR065390.158803,19,T,34,C
SRR065390.158803,20,T,34,C
SRR065390.158803,21,T,34,C
SRR065390.158803,22,G,34,C
SRR065390.158803,25,G,34,C
SRR065390.158803,26,A,33,C
SRR065390.158803,27,T,34,C
SRR065390.158803,28,T,34,C
SRR065390.158803,29,T,34,C
SRR065390.158803,30,G,34,C
SRR065390.158803,33,G,34,C
SRR065390.158803,34,G,34,C
SRR065390.158803,35,A,34,C
SRR065390.158803,36,A,34,C
SRR065390.158803,37,A,34,C
SRR065390.158803,38,T,34,C
SRR065390.158803,40,T,34,C
SRR065390.158803,42,A,34,C
SRR065390.158803,43,A,34,C
SRR065390.158803,44,A,31,C
SRR065390.158803,45,T,34,C
SRR065390.158803,46,T,34,C
SRR065390.158803,47,T,34,C
SRR065390.158803,49,G,34,C
SRR065390.158803,50,G,24,C
SRR065390.158803,52,A,34,C
SRR065390.158803,53,A,31,C
SRR065390.158803,54,T,34,C
SRR065390.158803,55,A,34,C
SRR065390.158803,56,G,34,C
SRR065390.158803,57,A,31,C
SRR065390.158803,58,A,34,C
SRR065390.158803,59,A,34,C
SRR065390.158803,60,A,32,C
SRR065390.158803,61,T,34,C
SRR065390.158803,62,A,34,C
SRR065390.158803,63,G,34,C
SRR065390.158803,64,G,21,C
SRR065390.158803,65,A,34,C
SRR065390.158803,66,A,34,C
SRR065390.158803,67,A,35,C
SRR065390.158803,68,A,34,C
SRR065390.158803,69,A,33,C
SRR065390.158803,71,A,31,C
SRR065390.158803,72,A,29,C
SRR065390.158803,73,T,31,C
SRR065390.158803,74,T,33,C
SRR065390.158803,75,T,33,C
SRR065390.158803,76,T,33,C
SRR065390.158803,77,A,35,C
SRR065390.158803,79,A,35,C
SRR065390.158803,80,T,34,C
SRR065390.158803,81,T,33,C
SRR065390.158803,82,T,33,C
SRR065390.158803,83,T,33,C
SRR065390.158803,84,T,34,C
SRR065390.158803,85,T,31,C
SRR065390.158803,86,A,31,C
SRR065390.158803,87,T,24,C
SRR065390.158803,88,T,29,C
SRR065390.158803,90,T,33,C
SRR065390.158803,92,A,27,C
SRR065390.158803,93,A,31,C
SRR065390.158803,94,A,24,C
SRR065390.158803,95,T,17,C
SRR065390.158803,96,T,31,C
SRR065390.158803,97,T,31,C
SRR065390.158803,98,T,29,C
SRR065390.158803,99,T,32,C
SRR065390.191267,4,T,34,C
SRR065390.191267,5,T,34,C
SRR065390.191267,6,G,34,C
SRR065390.191267,7,A,34,C
SRR065390.191267,8,G,34,C
SRR065390.191267,10,A,31,C
SRR065390.191267,11,A,34,C
SRR065390.191267,12,T,34,C
SRR065390.191267,13,A,32,C
SRR065390.191267,14,A,34,C
SRR065390.191267,15,A,33,C
SRR065390.191267,16,A,31,C
SRR065390.191267,17,A,31,C
SRR065390.191267,18,T,31,C
SRR065390.191267,20,A,34,C
SRR065390.191267,21,T,34,C
SRR065390.191267,22,A,34,C
SRR065390.191267,23,T,34,C
SRR065390.191267,24,A,34,C
SRR065390.191267,25,A,34,C
SRR065390.191267,26,A,33,C
SRR065390.191267,27,A,34,C
SRR065390.191267,28,A,31,C
SRR065390.191267,29,T,31,C
SRR065390.191267,30,G,34,C
SRR065390.191267,31,A,33,C
SRR065390.191267,33,T,34,C
SRR065390.191267,34,A,33,C
SRR065390.191267,35,G,34,C
SRR065390.191267,36,A,31,C
SRR065390.191267,38,A,31,C
SRR065390.191267,39,A,34,C
SRR065390.191267,41,T,34,C
SRR065390.191267,42,G,34,C
SRR065390.191267,43,G,34,C
SRR065390.191267,44,T,31,C
SRR065390.191267,45,T,34,C
SRR065390.191267,47,G,31,C
SRR065390.191267,48,T,29,C
SRR065390.191267,49,A,34,C
SRR065390.191267,50,T,34,C
SRR065390.191267,51,A,34,C
SRR065390.191267,52,A,34,C
SRR065390.191267,54,A,34,C
SRR065390.191267,55,A,32,C
SRR065390.191267,56,T,34,C
SRR065390.191267,57,A,34,C
SRR065390.191267,59,A,31,C
SRR065390.191267,60,A,32,C
SRR065390.191267,62,T,34,C
SRR065390.191267,63,G,30,C
SRR065390.191267,64,A,32,C
SRR065390.191267,65,A,33,C
SRR065390.191267,66,A,33,C
SRR065390.191267,67,A,28,C
SRR065390.191267,68,A,34,C
SRR065390.191267,69,A,34,C
SRR065390.191267,70,A,31,C
SRR065390.191267,71,A,29,C
SRR065390.191267,72,A,29,C
SRR065390.191267,74,A,31,C
SRR065390.191267,75,A,28,C
SRR065390.191267,76,G,31,C
SRR065390.191267,77,A,33,C
SRR065390.191267,78,A,32,C
SRR065390.191267,79,A,32,C
SRR065390.191267,80,A,29,C
SRR065390.191267,81,A,29,C
SRR065390.191267,82,T,24,C
SRR065390.191267,83,G,33,C
SRR065390.191267,85,A,35,C
SRR065390.191267,86,A,31,C
SRR065390.191267,89,T,29,C
SRR065390.191267,91,G,28,C
SRR065390.191267,93,T,27,C
SRR065390.191267,96,A,2,C
SRR065390.191267,98,T,2,C
SRR065390.191267,99,G,2,C
SRR065390.211258,3,T,34,C
SRR065390.211258,4,T,34,C
SRR065390.211258,5,G,34,C
SRR065390.211258,6,A,34,C
SRR065390.211258,7,A,34,C
SRR065390.211258,8,G,34,C
SRR065390.211258,9,G,34,C
SRR065390.211258,10,A,34,C
SRR065390.211258,11,T,34,C
SRR065390.211258,12,T,34,C
SRR065390.211258,13,T,34,C
SRR065390.211258,14,T,34,C
SRR065390.211258,15,T,34,C
SRR065390.211258,16,T,34,C
SRR065390.211258,17,T,33,C
SRR065390.211258,18,T,31,C
SRR065390.211258,19,G,33,C
SRR065390.211258,20,A,34,C
SRR065390.211258,21,T,34,C
SRR065390.211258,22,T,34,C
SRR065390.211258,23,T,34,C
SRR065390.211258,24,T,34,C
SRR065390.211258,25,A,34,C
SRR065390.211258,27,A,34,C
SRR065390.211258,28,A,34,C
SRR065390.211258,29,G,34,C
SRR065390.211258,31,T,34,C
SRR065390.211258,32,T,34,C
SRR065390.211258,33,G,34,C
SRR065390.211258,34,A,34,C
SRR065390.211258,35,G,34,C
SRR065390.211258,36,T,34,C
SRR065390.211258,37,A,34,C
SRR065390.211258,38,T,34,C
SRR065390.211258,39,A,34,C
SRR065390.211258,40,A,34,C
SRR065390.211258,41,G,34,C
SRR065390.211258,42,T,34,C
SRR065390.211258,43,T,34,C
SRR065390.211258,45,T,34,C
SRR065390.211258,46,T,34,C
SRR065390.211258,48,A,34,C
SRR065390.211258,49,A,34,C
SRR065390.211258,50,A,34,C
SRR065390.211258,51,T,34,C
SRR065390.211258,52,T,34,C
SRR065390.211258,53,A,34,C
SRR065390.211258,54,A,34,C
SRR065390.211258,55,A,34,C
SRR065390.211258,56,A,34,C
SRR065390.211258,57,A,34,C
SRR065390.211258,58,A,34,C
SRR065390.211258,59,T,34,C
SRR065390.211258,60,T,34,C
SRR065390.211258,61,T,34,C
SRR065390.211258,62,G,34,C
SRR065390.211258,63,A,34,C
SRR065390.211258,64,T,34,C
SRR065390.211258,65,T,34,C
SRR065390.211258,66,T,34,C
SRR065390.211258,67,T,34,C
SRR065390.211258,68,T,34,C
SRR065390.211258,69,T,34,C
SRR065390.211258,70,G,34,C
SRR065390.211258,71,A,34,C
SRR065390.211258,72,T,34,C
SRR065390.211258,73,A,34,C
SRR065390.211258,74,A,34,C
SRR065390.211258,75,A,35,C
SRR065390.211258,76,A,34,C
SRR065390.211258,77,A,33,C
SRR065390.211258,78,T,33,C
SRR065390.211258,79,T,34,C
SRR065390.211258,80,A,34,C
SRR065390.211258,81,A,34,C
SRR065390.211258,82,A,34,C
SRR065390.211258,83,T,34,C
SRR065390.211258,84,T,34,C
SRR065390.211258,85,T,34,C
SRR065390.211258,86,T,34,C
SRR065390.211258,87,T,34,C
SRR065390.211258,88,A,34,C
SRR065390.211258,89,G,34,C
SRR065390.211258,92,G,34,C
SRR065390.211258,93,A,30,C
SRR065390.211258,94,G,34,C
SRR065390.211258,95,T,34,C
SRR065390.211258,96,T,34,C
SRR065390.211258,98,T,34,C
SRR065390.211258,99,A,32,C
SRR065390.212917,2,A,34,C
SRR065390.212917,3,A,34,G
SRR065390.212917,4,A,34,C
SRR065390.212917,5,A,34,C
SRR065390.212917,6,A,34,C
SRR065390.212917,7,T,34,C
SRR065390.212917,8,T,34,C
SRR065390.212917,9,T,34,C
SRR065390.212917,10,T,34,C
SRR065390.212917,11,G,34,C
SRR065390.212917,12,A,34,C
SRR065390.212917,13,G,34,C
SRR065390.212917,14,A,34,C
SRR065390.212917,15,A,34,C
SRR065390.212917,16,A,34,C
SRR065390.212917,17,A,34,C
SRR065390.212917,18,A,33,C
SRR065390.212917,19,T,33,C
SRR065390.212917,20,T,34,C
SRR065390.212917,21,T,34,C
SRR065390.212917,23,G,34,C
SRR065390.212917,24,A,34,C
SRR065390.212917,25,A,34,C
SRR065390.212917,26,A,34,C
SRR065390.212917,27,A,34,C
SRR065390.212917,28,T,34,C
SRR065390.212917,30,T,34,C
SRR065390.212917,32,A,34,C
SRR065390.212917,33,T,34,C
SRR065390.212917,34,T,34,C
SRR065390.212917,35,A,34,C
SRR065390.212917,36,A,34,C
SRR065390.212917,37,A,29,C
SRR065390.212917,38,G,34,C
SRR065390.212917,40,A,34,C
SRR065390.212917,41,T,34,C
SRR065390.212917,42,G,34,C
SRR065390.212917,43,T,32,C
SRR065390.212917,44,T,34,C
SRR065390.212917,45,T,35,C
SRR065390.212917,46,G,34,C
SRR065390.212917,48,G,34,C
SRR065390.212917,49,A,34,C
SRR065390.212917,50,A,34,C
SRR065390.212917,51,G,34,C
SRR065390.212917,53,T,33,C
SRR065390.212917,54,T,35,C
SRR065390.212917,55,T,34,C
SRR065390.212917,56,T,31,C
SRR065390.212917,58,G,34,C
SRR065390.212917,59,G,29,C
SRR065390.212917,61,G,35,C
SRR065390.212917,62,G,33,C
SRR065390.212917,63,A,29,C
SRR065390.212917,64,G,33,C
SRR065390.212917,66,T,33,C
SRR065390.212917,68,A,31,C
SRR065390.212917,69,A,29,C
SRR065390.212917,70,T,33,C
SRR065390.212917,73,A,33,C
SRR065390.212917,74,T,26,C
SRR065390.212917,77,A,33,C
SRR065390.212917,78,A,29,C
SRR065390.212917,79,A,33,C
SRR065390.212917,80,A,25,C
SRR065390.212917,81,A,31,C
SRR065390.212917,82,T,28,C
SRR065390.212917,84,G,25,C
SRR065390.212917,85,T,16,C
SRR065390.212917,86,A,25,C
SRR065390.212917,87,G,25,C
SRR065390.212917,88,T,26,C
SRR065390.212917,89,T,22,C
SRR065390.212917,90,T,31,C
SRR065390.212917,91,A,33,C
SRR065390.212917,92,A,24,C
SRR065390.212917,93,G,21,C
SRR065390.212917,96,A,2,C
SRR065390.212917,97,G,2,C
SRR065390.212917,98,G,2,C
SRR065390.212917,99,T,2,C
